<PAMDataset>
  <PAMRasterBand band="1">
    <Histograms>
      <HistItem>
        <HistMin>-25.66691467998702</HistMin>
        <HistMax>13117.15827028539</HistMax>
        <BucketCount>256</BucketCount>
        <IncludeOutOfRange>1</IncludeOutOfRange>
        <Approximate>0</Approximate>
        <HistCounts>11634203|114521|16999|3763|2332|920|309|689|466|389|147|150|118|93|20|12|16|4|27|0|18|8|9|16|3|11|0|1|0|1|0|0|7|0|0|11|8|3|2|3|0|3|0|0|4|4|5|0|0|0|9|0|0|0|4|0|12|0|0|0|7|0|0|3|1|0|0|3|0|2|0|0|6|0|0|3|0|0|0|1|0|0|0|0|0|0|0|0|0|1|0|0|0|0|1|0|0|0|0|0|0|0|0|0|0|0|0|0|0|0|0|0|0|0|1|3|0|0|0|0|0|0|0|0|0|0|0|0|0|0|0|0|0|0|0|0|0|0|0|0|0|0|0|0|0|0|0|0|0|0|0|0|1|0|0|0|0|0|0|0|0|0|0|0|0|0|0|0|0|0|0|0|0|0|0|0|0|1|0|0|0|0|0|0|0|0|0|0|0|0|0|0|0|0|0|0|0|0|0|0|0|0|0|0|0|0|0|0|0|0|0|0|0|0|0|0|0|0|0|0|0|0|0|0|0|0|0|0|0|0|0|0|0|0|0|0|0|0|0|0|0|0|0|0|0|0|0|0|0|0|0|0|0|0|0|1</HistCounts>
      </HistItem>
    </Histograms>
    <Metadata>
      <MDI key="STATISTICS_MAXIMUM">13091.488689846</MDI>
      <MDI key="STATISTICS_MEAN">3.9107355835215</MDI>
      <MDI key="STATISTICS_MINIMUM">0.0026657593984798</MDI>
      <MDI key="STATISTICS_STDDEV">14.589145823706</MDI>
    </Metadata>
  </PAMRasterBand>
</PAMDataset>
