<?xml version="1.0" encoding="UTF-8"?>
<metadata xml:lang="en"><Esri><CreaDate>20210315</CreaDate><CreaTime>16380900</CreaTime><ArcGISFormat>1.0</ArcGISFormat><SyncOnce>TRUE</SyncOnce><DataProperties><itemProps><itemLocation><linkage Sync="TRUE">file://\\PENINA\C$\Users\User\AppData\Local\ESRI\ArcGISPro\Staging\SharingProcesses\0067\COVID_19 Kenya\commondata\raster_data\fraym_kenya_adult_manual_labor.tif</linkage><protocol Sync="TRUE">Local Area Network</protocol></itemLocation></itemProps><copyHistory><copy source="C:\work_Fr_home\fraym_kenya_COVID19_data_package\data\kenya\fraym_kenya_adult_manual_labor.tif" dest="\\PENINA\C$\Users\User\AppData\Local\ESRI\ArcGISPro\Staging\SharingProcesses\0067\COVID_19 Kenya\commondata\raster_data\fraym_kenya_adult_manual_labor.tif" date="20210315" time="16380900"></copy></copyHistory></DataProperties></Esri></metadata>
